expMJD,_ra,_dec,filter,fiveSigmaDepth
0.041667,1,1.5,lsstg,25
0.208333,1,1.5,lsstg,25
0.041667,1,1.5,lssti,23
0.208333,1,1.5,lssti,23
1,1,1.5,lssti,23
2,1,1.5,lssti,23
3,1,1.5,lssti,23
0.041667,1,1.5,lsstr,24.5
0.208333,1,1.5,lsstr,24.5
1,1,1.5,lsstr,24.5
2,1,1.5,lsstr,24.5
3,1,1.5,lsstr,24.5
